{"stats":{"minecraft:dropped":{"minecraft:beef":1},"minecraft:killed":{"minecraft:cow":1},"minecraft:picked_up":{"minecraft:beef":1},"minecraft:custom":{"minecraft:jump":130,"minecraft:time_since_rest":18230,"minecraft:damage_dealt":120,"minecraft:leave_game":2,"minecraft:play_time":18230,"minecraft:sprint_one_cm":37184,"minecraft:damage_taken":30,"minecraft:time_since_death":18230,"minecraft:walk_one_cm":9594,"minecraft:sneak_time":19,"minecraft:total_world_time":18230,"minecraft:mob_kills":1,"minecraft:fall_one_cm":1366,"minecraft:drop":1,"minecraft:fly_one_cm":203580}},"DataVersion":3465}