{"stats":{"minecraft:dropped":{"minecraft:beef":1},"minecraft:killed":{"minecraft:cow":1},"minecraft:picked_up":{"minecraft:beef":1},"minecraft:custom":{"minecraft:jump":102,"minecraft:time_since_rest":11536,"minecraft:damage_dealt":120,"minecraft:leave_game":1,"minecraft:play_time":11536,"minecraft:sprint_one_cm":32157,"minecraft:damage_taken":30,"minecraft:time_since_death":11536,"minecraft:walk_one_cm":7339,"minecraft:sneak_time":19,"minecraft:total_world_time":11536,"minecraft:mob_kills":1,"minecraft:fall_one_cm":1366,"minecraft:drop":1,"minecraft:fly_one_cm":186225}},"DataVersion":3465}