{
  "minecraft:recipes/decorations/crafting_table": {
    "criteria": {
      "unlock_right_away": "2024-11-17 00:08:50 +0000"
    },
    "done": true
  },
  "minecraft:adventure/adventuring_time": {
    "criteria": {
      "minecraft:birch_forest": "2024-11-17 00:08:51 +0000",
      "minecraft:beach": "2024-11-17 00:09:08 +0000",
      "minecraft:river": "2024-11-17 00:13:11 +0000",
      "minecraft:forest": "2024-11-17 00:13:17 +0000",
      "minecraft:ocean": "2024-11-17 00:13:44 +0000",
      "minecraft:old_growth_birch_forest": "2024-11-17 00:13:14 +0000"
    },
    "done": false
  },
  "minecraft:adventure/root": {
    "criteria": {
      "killed_something": "2024-11-17 00:15:27 +0000"
    },
    "done": true
  },
  "minecraft:recipes/food/cooked_beef_from_smoking": {
    "criteria": {
      "has_beef": "2024-11-17 00:15:31 +0000"
    },
    "done": true
  },
  "minecraft:recipes/food/cooked_beef": {
    "criteria": {
      "has_beef": "2024-11-17 00:15:31 +0000"
    },
    "done": true
  },
  "minecraft:recipes/food/cooked_beef_from_campfire_cooking": {
    "criteria": {
      "has_beef": "2024-11-17 00:15:31 +0000"
    },
    "done": true
  },
  "tombstone:adventure/root": {
    "criteria": {
      "auto": "2024-11-17 00:25:53 +0000"
    },
    "done": true
  },
  "DataVersion": 3465
}